"Id","SalePrice"
1461,125149.227366667
1462,157099.0966
1463,180207.5238
1464,183919.1448
1465,192897.032333333
1466,183496.374033333
1467,175047.284766667
1468,176342.508933333
1469,181006.973833333
1470,127556.900033333
1471,188953.3657
1472,94504.4073
1473,98881.1148333334
1474,152121.423866667
1475,125480.360666667
1476,377158.702
1477,253331.815666667
1478,295049.9589
1479,290771.075833333
1480,477259.568633333
1481,326174.999066666
1482,208027.697066667
1483,183035.5415
1484,169820.493033333
1485,173928.5684
1486,197938.297866667
1487,340139.041533333
1488,244196.077
1489,205462.3975
1490,219034.867433333
1491,187398.2929
1492,106842.857833333
1493,174194.6118
1494,297146.6696
1495,297444.893466667
1496,232385.858866667
1497,192863.2709
1498,154925.609
1499,154115.822666667
1500,164558.4364
1501,174101.208733333
1502,154190.683333333
1503,286064.027266667
1504,232675.4338
1505,225403.605433333
1506,195203.224966667
1507,246880.688
1508,198429.830833333
1509,166282.361266667
1510,150608.610433333
1511,149942.2498
1512,170078.338366667
1513,148956.545466667
1514,154101.3877
1515,199942.270633333
1516,152839.8003
1517,151061.835633333
1518,134863.553366667
1519,207944.471533333
1520,139457.582666667
1521,143504.160466667
1522,159705.488466667
1523,123099.777233333
1524,127101.782133333
1525,125524.245033333
1526,128415.930266667
1527,111159.900633333
1528,132891.236033333
1529,146420.458966667
1530,165407.111833333
1531,132892.9294
1532,105800.791066667
1533,143957.2742
1534,117404.063233333
1535,151883.041466667
1536,120118.3798
1537,81841.4123333334
1538,157226.2675
1539,187946.848033333
1540,124862.8399
1541,140559.1694
1542,146896.6405
1543,197480.381533333
1544,87505.6314
1545,108333.588633333
1546,121743.468066667
1547,137937.5578
1548,131717.027033333
1549,113567.380966667
1550,143854.016066667
1551,119844.2544
1552,140028.892633333
1553,138154.526133333
1554,115604.0152
1555,191760.49
1556,122314.819666667
1557,132869.1982
1558,95500.8081
1559,129016.273266667
1560,145672.099166667
1561,155106.448933333
1562,125980.909333333
1563,126463.5379
1564,160697.4362
1565,151018.9831
1566,216441.359866667
1567,91117.0309666667
1568,226276.777833333
1569,149635.150033333
1570,128035.580066667
1571,119716.6722
1572,143709.644166667
1573,221929.443033333
1574,125616.8295
1575,213791.884066667
1576,220223.333833333
1577,198797.630533333
1578,148272.9748
1579,143211.9533
1580,191360.452233333
1581,143286.733666667
1582,128972.516266667
1583,318320.323233333
1584,234081.5255
1585,140212.551
1586,79582.1564571429
1587,103671.847366667
1588,146662.177066667
1589,105276.816266667
1590,131470.528066667
1591,104582.4197
1592,136135.7169
1593,119610.6656
1594,150802.686633333
1595,132623.543233333
1596,243087.187733333
1597,188827.821066667
1598,179756.622166667
1599,171841.321233333
1600,175752.1661
1601,75336.0009999999
1602,112309.570766667
1603,93468.3901
1604,283345.4377
1605,237942.7007
1606,169479.2197
1607,174920.0654
1608,212433.4674
1609,192074.734533333
1610,166238.786233333
1611,151803.5806
1612,173761.409533333
1613,166313.485066667
1614,122599.772033333
1615,89570.3373333333
1616,83893.6592
1617,89699.1495666667
1618,127534.088666667
1619,129638.5576
1620,176046.497366667
1621,142039.9912
1622,151577.472766667
1623,263368.512233333
1624,206896.7906
1625,124510.3209
1626,164612.2598
1627,183448.506033333
1628,262707.801833333
1629,174605.418933333
1630,385602.3267
1631,212987.634566666
1632,254884.1729
1633,171389.067433333
1634,187089.586033333
1635,180121.386866667
1636,167340.569366667
1637,197576.3529
1638,197245.144933333
1639,193358.768066667
1640,246875.355866667
1641,179839.955133333
1642,229276.599166667
1643,229461.9084
1644,227305.340866667
1645,197073.811933333
1646,161400.7022
1647,161778.643
1648,143239.0322
1649,139049.592233333
1650,124458.817433333
1651,123541.5132
1652,93860.3781
1653,96223.9551
1654,154176.4379
1655,145051.576833333
1656,147657.735533333
1657,152577.978433333
1658,154501.468466667
1659,134504.6102
1660,145326.391
1661,436991.927366667
1662,384063.782666667
1663,373240.9787
1664,468563.6689
1665,308693.9195
1666,331286.289866667
1667,361743.814933333
1668,324768.3815
1669,290203.5264
1670,332891.342833333
1671,268659.8724
1672,475984.785
1673,295644.570633333
1674,254834.6016
1675,197968.422366667
1676,196763.2847
1677,216530.4695
1678,475299.7655
1679,394253.741433333
1680,333001.616766667
1681,247519.6378
1682,308387.069066667
1683,193918.566833333
1684,172117.409833333
1685,174238.861666667
1686,170883.3529
1687,166534.024
1688,185416.3596
1689,184360.836433333
1690,182798.423433333
1691,176217.413633333
1692,NA
1693,171166.6477
1694,184310.8659
1695,169218.983766667
1696,265662.802733333
1697,168354.795366667
1698,349493.183233333
1699,338309.9725
1700,253957.143766667
1701,265862.270166667
1702,254369.991366667
1703,253210.588666666
1704,286319.262566667
1705,231990.945333333
1706,435070.924833333
1707,NA
1708,225067.025866667
1709,262576.672233333
1710,224829.193566667
1711,245877.575366667
1712,267909.546133333
1713,267773.837866667
1714,228392.9472
1715,202097.185433333
1716,175673.622633333
1717,160745.745666667
1718,143909.322766667
1719,204888.397866667
1720,246841.503166667
1721,159004.773233333
1722,133376.651033333
1723,157699.913
1724,209533.636933333
1725,233348.999666667
1726,192604.3014
1727,178766.567733333
1728,179922.5939
1729,160320.524966667
1730,150481.321833333
1731,126335.039666667
1732,131392.877866667
1733,123842.360866667
1734,128532.866766667
1735,135597.4811
1736,118537.8797
1737,339474.835266667
1738,216982.1039
1739,297990.0505
1740,226162.722633333
1741,191186.753833333
1742,173847.340766667
1743,174701.767633333
1744,297852.541166667
1745,247209.993733333
1746,224184.167566667
1747,201882.462666667
1748,226986.427766667
1749,166476.1112
1750,151145.150833333
1751,226009.8918
1752,122051.1222
1753,145103.9468
1754,206948.694566667
1755,171130.126533333
1756,127608.139666667
1757,118919.475166667
1758,150250.1887
1759,160623.795033333
1760,162318.898666667
1761,154309.833766667
1762,171120.061866667
1763,165687.539866667
1764,122034.807533333
1765,172024.506066667
1766,164653.702833333
1767,194901.308233333
1768,142643.6533
1769,165783.9572
1770,139933.1924
1771,137372.420133333
1772,145495.8935
1773,141336.997233333
1774,146945.1569
1775,134313.341366667
1776,124793.089333333
1777,118321.454633333
1778,137470.215833333
1779,114311.215866667
1780,162120.634066667
1781,135797.465633333
1782,97809.9586333334
1783,129331.8564
1784,99959.9497
1785,119869.026366667
1786,145738.701933333
1787,153201.017866667
1788,72991.4929333333
1789,97113.1033
1790,89352.9759571429
1791,178032.206966667
1792,155267.260566667
1793,140561.965766667
1794,142081.021766667
1795,140885.164133333
1796,122376.1642
1797,125528.9678
1798,128240.843166667
1799,116656.0097
1800,133129.629266667
1801,133016.440766667
1802,131994.049333333
1803,149918.280333333
1804,141282.079933333
1805,135530.311666667
1806,123151.142066667
1807,132700.326366667
1808,114094.5439
1809,118096.997333333
1810,139307.539466667
1811,116295.7849
1812,115930.557966667
1813,121131.406833333
1814,98570.3149666667
1815,73171.1713
1816,103736.752633333
1817,130077.275
1818,150043.012366667
1819,118868.746733333
1820,83351.6433666667
1821,111392.107166667
1822,147297.987333333
1823,61403.1669
1824,139927.604933333
1825,131575.508433333
1826,105194.4765
1827,111540.793233333
1828,142042.562133333
1829,119817.542233333
1830,134534.0105
1831,145139.226166667
1832,123901.153066667
1833,149297.0957
1834,123016.6891
1835,138750.0422
1836,138267.9952
1837,102562.5283
1838,129931.433733333
1839,99933.8891
1840,163349.014633333
1841,146642.089266667
1842,92249.8088
1843,139249.8845
1844,135522.8166
1845,144054.329666667
1846,151631.2998
1847,177629.569366667
1848,76946.2132
1849,107174.2521
1850,121385.076266667
1851,147606.1755
1852,125878.502433333
1853,135872.0912
1854,157952.774166667
1855,148268.712533333
1856,219478.6369
1857,155968.2798
1858,148546.5952
1859,121671.448833333
1860,155812.423633333
1861,121405.29802381
1862,281518.193033333
1863,278006.228533333
1864,278006.228533333
1865,310241.491
1866,315582.1048
1867,235136.895366667
1868,289802.6416
1869,199575.811633333
1870,221214.9243
1871,249826.341566667
1872,167055.747666667
1873,236174.850633333
1874,138941.559766667
1875,202712.799666667
1876,200739.853266667
1877,209895.911533333
1878,209785.060866667
1879,133106.691866667
1880,135030.819933333
1881,241539.777766667
1882,253109.5833
1883,NA
1884,211723.0663
1885,240094.681833333
1886,289986.892533333
1887,204157.053266667
1888,265229.1827
1889,163732.007933333
1890,131517.169933333
1891,141849.499733333
1892,108548.0053
1893,134826.9517
1894,132293.709833333
1895,147038.041933333
1896,120536.856466667
1897,125008.296166667
1898,115820.5161
1899,149287.973333333
1900,144026.5302
1901,169305.6819
1902,154521.1529
1903,225470.731833333
1904,150223.688766667
1905,201534.3014
1906,174928.6544
1907,215070.0944
1908,124564.642266667
1909,140771.300466667
1910,132173.0262
1911,197028.453233333
1912,288029.4361
1913,153420.3171
1914,72316.8477
1915,320780.201366667
1916,70054.1364
1917,248495.999833333
1918,137344.783833333
1919,161119.191566667
1920,167431.960066667
1921,391716.552066667
1922,313564.345766667
1923,205915.05
1924,228070.000066667
1925,219485.666166667
1926,365729.741466667
1927,135804.1726
1928,159501.658633333
1929,127605.904666667
1930,131422.663366667
1931,140271.618466667
1932,143691.684133333
1933,172509.0644
1934,180383.007033333
1935,176829.3484
1936,186170.8337
1937,183154.119633333
1938,180848.8541
1939,263713.5539
1940,191552.293433333
1941,175705.6556
1942,188984.654733333
1943,197498.608466667
1944,318966.768966667
1945,359441.509266666
1946,184932.915566667
1947,305385.067733333
1948,175879.170166667
1949,238969.3457
1950,174221.7762
1951,253211.547933333
1952,232974.430866667
1953,168166.205066667
1954,190070.937
1955,148028.378266667
1956,284571.360033333
1957,172543.719
1958,284936.155
1959,144229.396966667
1960,119601.421433333
1961,121471.916233333
1962,93445.3074
1963,100139.484266667
1964,112828.162366667
1965,150607.241133333
1966,144378.196866667
1967,284739.920866667
1968,437226.6753
1969,370920.69
1970,433694.9159
1971,426273.390066666
1972,351181.6836
1973,270555.0691
1974,315937.662466667
1975,471753.643033333
1976,269724.0451
1977,375258.593966667
1978,377105.1126
1979,332081.210833333
1980,198953.2886
1981,331271.192266667
1982,227747.806833333
1983,218447.066266667
1984,170267.2124
1985,210893.2006
1986,210751.296266667
1987,176417.755166667
1988,179164.333533333
1989,192072.1081
1990,215908.348733333
1991,219856.3425
1992,211027.970933333
1993,NA
1994,240019.271233333
1995,181425.9357
1996,261026.2916
1997,312095.604
1998,349879.943633333
1999,260782.2587
2000,308022.373533333
2001,269907.7388
2002,248462.590266667
2003,255170.437066667
2004,255119.2246
2005,NA
2006,226095.950766667
2007,248993.7578
2008,203043.7996
2009,193169.063966667
2010,187424.826033333
2011,149739.6789
2012,171318.1208
2013,179496.3006
2014,193004.827666667
2015,195056.8762
2016,194582.205966667
2017,198817.6342
2018,128317.408866667
2019,133197.115866667
2020,122635.731333333
2021,118848.320066667
2022,182875.055533333
2023,153262.9652
2024,262552.693766667
2025,366389.9743
2026,184289.953933333
2027,155229.632433333
2028,158247.626166667
2029,176810.8127
2030,273818.179066667
2031,219919.041933333
2032,243183.3324
2033,258906.506366667
2034,166634.4517
2035,207355.602233333
2036,189585.7429
2037,193411.563833333
2038,284900.412466667
2039,203204.506266667
2040,340804.3467
2041,272868.9522
2042,NA
2043,169009.322766667
2044,189923.6291
2045,217001.507633333
2046,151206.431866667
2047,148009.7859
2048,134792.498666667
2049,135628.583433333
2050,172403.069666667
2051,107676.063190476
2052,136696.6753
2053,142818.322666667
2054,87082.2345
2055,157688.984833333
2056,133193.731833333
2057,128501.9739
2058,208065.1743
2059,139799.692066667
2060,160863.347566667
2061,164527.230466667
2062,137537.375
2063,115145.185266667
2064,142926.609433333
2065,123752.818633333
2066,165188.0164
2067,127685.5348
2068,142248.0843
2069,87052.8032666667
2070,109391.1915
2071,100137.304490476
2072,136904.634533333
2073,135985.191
2074,170448.190333333
2075,145330.522466667
2076,120896.8384
2077,150756.096433333
2078,129756.513033333
2079,136182.081466667
2080,121181.428133333
2081,126131.826533333
2082,139034.813333333
2083,143542.790433333
2084,112407.543266667
2085,133445.4516
2086,112491.2747
2087,125957.721833333
2088,108033.5852
2089,92964.9628666667
2090,130819.5864
2091,120286.102633333
2092,130979.754966667
2093,143075.035
2094,119405.143166667
2095,145559.5501
2096,89639.9244
2097,100947.026133333
2098,143269.6629
2099,67381.9913238095
2100,102885.3486
2101,128094.261766667
2102,132864.187666667
2103,104538.660333333
2104,135977.356366667
2105,124590.9868
2106,82915.2613666667
2107,209986.7512
2108,113366.7215
2109,112896.099266667
2110,133211.002666667
2111,146981.705033333
2112,148588.796666667
2113,123211.822533333
2114,114451.121266667
2115,157820.899333333
2116,115468.131933333
2117,147602.7801
2118,122401.504366667
2119,110928.934533333
2120,114524.700366667
2121,93729.3184
2122,110409.5976
2123,92205.4302666667
2124,174430.8107
2125,130215.255533333
2126,162720.465533333
2127,147901.765833333
2128,133570.212933333
2129,103630.711333333
2130,140782.697633333
2131,149514.108166667
2132,123286.645733333
2133,120858.936066667
2134,121481.4745
2135,102763.779266667
2136,92116.8330666667
2137,124643.994433333
2138,139590.372
2139,148085.383
2140,136002.313666667
2141,136139.078733333
2142,135178.192666667
2143,142058.305666667
2144,130635.698766667
2145,134920.927433333
2146,146817.8855
2147,182114.893466667
2148,135833.481433333
2149,141010.0056
2150,220768.831566667
2151,112462.582333333
2152,178410.344933333
2153,165515.615766667
2154,107529.4452
2155,127170.927933333
2156,261994.246566667
2157,233654.4404
2158,232731.3027
2159,206609.419766667
2160,166741.9209
2161,249251.970166667
2162,390416.9983
2163,320617.9295
2164,232459.6579
2165,196900.7108
2166,143385.036966667
2167,205831.276733333
2168,207720.307633333
2169,192252.976633333
2170,220054.318
2171,145568.289366667
2172,141032.231433333
2173,168183.050533333
2174,237217.197566667
2175,280254.9575
2176,311952.139
2177,250611.343633333
2178,210371.708066667
2179,144489.160933333
2180,224321.877233333
2181,195403.071233333
2182,227668.845233333
2183,197242.5264
2184,131062.3886
2185,121321.346733333
2186,141886.599766667
2187,139220.12
2188,146301.979466667
2189,229327.593166667
2190,85070.0535
2191,89252.0550666667
2192,90213.5080333333
2193,96912.5534666666
2194,98952.8588
2195,112150.7219
2196,106516.718733333
2197,122744.9134
2198,150011.6872
2199,161961.7741
2200,147480.7773
2201,145557.622866667
2202,189235.706766667
2203,172051.4631
2204,188016.1097
2205,138875.256533333
2206,146118.256433333
2207,206520.5045
2208,234142.770166667
2209,230297.829633333
2210,129593.245266667
2211,114899.516766667
2212,115119.030233333
2213,104807.4987
2214,141709.5708
2215,101511.851033333
2216,157929.888466667
2217,68244.4801666667
2218,87675.5138
2219,79711.8407
2220,80877.4416
2221,321220.976633333
2222,267287.787933333
2223,267212.406466667
2224,200405.1812
2225,132466.050333333
2226,186002.8635
2227,201108.050766667
2228,272024.943666667
2229,233617.5734
2230,165438.674433333
2231,207335.798
2232,191591.0052
2233,182041.7047
2234,235131.0921
2235,230818.152266667
2236,278441.285166667
2237,352829.322033333
2238,195915.165933333
2239,117640.786466667
2240,160567.671733333
2241,156735.515733333
2242,134440.8406
2243,130222.913766667
2244,97505.0389
2245,92684.3729
2246,145762.369233333
2247,104710.326633333
2248,126895.996466667
2249,128299.533766667
2250,132941.536466667
2251,131243.362833333
2252,175203.479
2253,162945.0665
2254,173344.7428
2255,187500.502866667
2256,178246.109
2257,214761.004833333
2258,170451.520666667
2259,181042.616233333
2260,165151.0725
2261,187953.2576
2262,209900.2444
2263,332434.645766667
2264,452293.7036
2265,172271.8175
2266,280205.218533333
2267,374242.104866667
2268,357009.4355
2269,167134.381033333
2270,175942.922266667
2271,225558.929966667
2272,198123.513466667
2273,170911.927733333
2274,177001.673833333
2275,171093.3662
2276,181132.4653
2277,188383.102433333
2278,149397.436833333
2279,125679.5401
2280,121818.770733333
2281,174670.871633333
2282,182034.1239
2283,100172.7957
2284,114533.501433333
2285,145112.1787
2286,129699.1518
2287,331207.3284
2288,281295.151866667
2289,375687.0227
2290,431378.8919
2291,321529.335466667
2292,390091.061366667
2293,470719.080466666
2294,402347.719066667
2295,447383.3593
2296,301462.292366667
2297,308824.995633333
2298,311176.4417
2299,410155.791566667
2300,328475.940133333
2301,265714.3864
2302,243627.204566666
2303,258362.715866667
2304,253918.6275
2305,194600.897833333
2306,195647.329733333
2307,196882.900133333
2308,225953.208333333
2309,278670.085833333
2310,222418.6142
2311,198316.938366667
2312,NA
2313,175935.8023
2314,169708.9748
2315,172619.9887
2316,191432.768633333
2317,183736.683666667
2318,175270.691433333
2319,172858.0506
2320,178179.367633333
2321,240412.059366667
2322,169975.269366667
2323,173358.0016
2324,171263.0033
2325,223949.9828
2326,NA
2327,212021.663066667
2328,218779.206166667
2329,183872.209666667
2330,177985.804733333
2331,353269.920233333
2332,400037.9803
2333,320671.118266667
2334,269874.653866667
2335,269055.022433333
2336,330954.342033333
2337,212904.7718
2338,266491.647966667
2339,240812.975133333
2340,365840.235333333
2341,NA
2342,243388.867866667
2343,229715.119633333
2344,237197.240333333
2345,247190.946366667
2346,219143.501833333
2347,206820.662
2348,228850.716466667
2349,179209.057033333
2350,NA
2351,266509.1714
2352,248137.4202
2353,259693.6463
2354,134358.752933333
2355,148317.024366667
2356,152234.439866667
2357,200975.162066667
2358,200036.9401
2359,130882.812566667
2360,122677.0907
2361,137556.125833333
2362,266139.8019
2363,139748.478033333
2364,148911.4732
2365,217974.630533333
2366,188384.6654
2367,234340.167833333
2368,210345.694966667
2369,NA
2370,176058.368566667
2371,174752.7218
2372,199760.0338
2373,268832.436666667
2374,291936.3787
2375,246089.071833333
2376,288093.645766667
2377,352764.668733333
2378,147671.614166667
2379,202791.895366667
2380,150838.4325
2381,166714.154433333
2382,184739.131666667
2383,212382.927166667
2384,231435.045333333
2385,157972.7901
2386,146899.160933333
2387,136042.738066667
2388,104293.273066667
2389,130460.061633333
2390,140573.3314
2391,137919.897
2392,117062.813633333
2393,159526.063333333
2394,146917.2579
2395,186463.8644
2396,151321.652033333
2397,195305.971233333
2398,126823.475233333
2399,71540.9029
2400,69198.0067333333
2401,114245.246066667
2402,135878.0007
2403,135481.938966667
2404,149934.528966667
2405,161342.456166667
2406,135365.972666667
2407,131147.4393
2408,138926.857866667
2409,135861.6955
2410,164445.041333333
2411,123218.179633333
2412,155050.660266667
2413,138282.069566667
2414,136313.118266667
2415,131385.9609
2416,129442.3837
2417,131963.4453
2418,125997.0713
2419,136005.726866667
2420,127158.3842
2421,150073.746133333
2422,111290.079533333
2423,127951.623666667
2424,142892.611733333
2425,217471.5939
2426,133341.6107
2427,133943.310133333
2428,163091.450633333
2429,117641.6209
2430,131935.9009
2431,124726.229766667
2432,137968.1796
2433,144872.635233333
2434,144975.947666667
2435,155408.501266667
2436,108983.339533333
2437,114304.685366667
2438,127260.029566667
2439,115641.639166667
2440,124903.398766667
2441,104258.791266667
2442,105957.276833333
2443,116719.581066667
2444,124763.621266667
2445,95689.8168666667
2446,131843.1964
2447,181194.114066667
2448,141727.470433333
2449,110847.496466667
2450,146518.998866667
2451,128334.216533333
2452,200066.5233
2453,93407.3222666667
2454,115682.4546
2455,111086.806766667
2456,138154.4515
2457,119889.4885
2458,115983.0938
2459,113809.088666667
2460,138593.0809
2461,119661.778033333
2462,139348.6048
2463,120771.592833333
2464,156844.5123
2465,134141.260666667
2466,124099.901366667
2467,132189.048133333
2468,94790.6715
2469,103911.528366667
2470,185347.067
2471,182866.1864
2472,171366.412233333
2473,122899.736166667
2474,104670.2316
2475,204474.081466667
2476,120858.797933333
2477,133270.3426
2478,156809.947433333
2479,123042.2289
2480,140220.637133333
2481,128848.058033333
2482,133704.635066667
2483,119166.516233333
2484,125058.4081
2485,124489.005433333
2486,158630.515266667
2487,184861.040366667
2488,139134.5535
2489,149165.2713
2490,152102.560533333
2491,96405.9921666667
2492,189866.3984
2493,135309.0527
2494,156961.4639
2495,100060.0146
2496,234851.529533333
2497,146999.1206
2498,116254.562633333
2499,94079.5951
2500,131694.659333333
2501,137050.3273
2502,140786.098
2503,116217.295466667
2504,186196.2383
2505,212882.022666667
2506,252934.346566667
2507,310809.278766666
2508,252376.674033333
2509,222222.115833333
2510,226985.5257
2511,187075.274533333
2512,210344.6721
2513,214467.702466667
2514,217036.2763
2515,147041.767866667
2516,165283.874766667
2517,134880.807266667
2518,143436.1557
2519,221913.021533333
2520,205785.834133333
2521,191727.472266667
2522,216954.7483
2523,131850.803166667
2524,143140.126766667
2525,144523.8894
2526,142345.889266667
2527,123235.936366667
2528,127257.393933333
2529,133275.274733333
2530,121990.9648
2531,246548.021266667
2532,227014.537166667
2533,197540.9612
2534,236233.462766667
2535,295907.163433333
2536,223101.822433333
2537,213806.571933333
2538,174712.271733333
2539,183894.359033333
2540,184360.4618
2541,172917.5608
2542,172021.763066667
2543,123514.343333333
2544,128603.8838
2545,137380.877033333
2546,141247.634133333
2547,128752.654566667
2548,149267.391233333
2549,154602.510033333
2550,464591.167866667
2551,141564.571733333
2552,119608.3988
2553,85072.6397666666
2554,125239.253566667
2555,104819.7565
2556,103631.695
2557,114794.709433333
2558,170666.964966667
2559,159448.7469
2560,144200.439433333
2561,136713.565433333
2562,145967.9407
2563,161094.786433333
2564,183993.0604
2565,128336.096533333
2566,173794.205433333
2567,143778.511166667
2568,201130.939066667
2569,194865.687233333
2570,128965.438933333
2571,203602.811433333
2572,159573.948733333
2573,222605.062233333
2574,262817.6516
2575,127466.074
2576,135150.598333333
2577,155772.812866667
2578,96461.4535
2579,80810.3819
2580,137544.3515
2581,131347.508133333
2582,117610.4564
2583,277340.960366667
2584,164119.648666667
2585,189383.593466667
2586,200188.4232
2587,185685.243766667
2588,136969.9262
2589,144142.764066667
2590,218157.8667
2591,204056.781466667
2592,232617.240833333
2593,NA
2594,178583.8584
2595,201378.2017
2596,335591.5162
2597,199140.9491
2598,277621.849933333
2599,301468.204566667
2600,136872.2964
2601,137698.440366667
2602,86450.8159
2603,92604.9495666667
2604,91254.1443333334
2605,87308.0327333333
2606,145563.312466667
2607,176900.6941
2608,187435.002733333
2609,156445.309633333
2610,114681.410166667
2611,NA
2612,151107.4318
2613,129060.035166667
2614,126759.4489
2615,147912.671133333
2616,136534.355666667
2617,173557.1865
2618,184505.925633333
2619,207181.090666667
2620,184843.714633333
2621,184089.671666667
2622,190004.179966667
2623,245945.974966667
2624,286075.1225
2625,337086.884
2626,171496.631766667
2627,177518.080766667
2628,423272.7173
2629,510562.847333333
2630,332951.623166667
2631,443396.1959
2632,413713.761366667
2633,304763.236666667
2634,371831.068233333
2635,156641.6856
2636,191857.512133333
2637,166095.3975
2638,259240.2423
2639,183795.026133333
2640,158382.4079
2641,113413.869533333
2642,187734.557266667
2643,103009.5882
2644,133141.009666667
2645,99543.9394
2646,92496.2499
2647,100968.184066667
2648,138893.2406
2649,146296.300166667
2650,141984.6435
2651,149585.331866667
2652,422102.521966667
2653,256779.144566667
2654,267991.8505
2655,365022.500666667
2656,299252.368966667
2657,325421.792166667
2658,NA
2659,300995.840766667
2660,329010.207366667
2661,332140.471733333
2662,337571.547666667
2663,272770.9151
2664,274765.812133333
2665,308248.517066667
2666,287118.263033333
2667,170677.188733333
2668,172859.3584
2669,180897.5746
2670,269890.011833333
2671,174169.1867
2672,187043.0855
2673,204588.940433333
2674,203021.9722
2675,165206.383533333
2676,182813.2067
2677,197434.1906
2678,249611.131933333
2679,274610.3487
2680,273253.311933333
2681,413620.781266667
2682,325111.7854
2683,511722.658133333
2684,310696.6394
2685,339049.150633333
2686,260468.6078
2687,NA
2688,233793.9024
2689,208782.5055
2690,429857.356966666
2691,198207.667766667
2692,140282.898333333
2693,197097.1313
2694,137441.654866667
2695,190917.357033333
2696,178913.3308
2697,193662.477533333
2698,198113.6784
2699,186500.453333333
2700,169560.2957
2701,157908.954
2702,121706.586033333
2703,126733.4649
2704,140564.8909
2705,127528.247233333
2706,121217.8303
2707,127154.772
2708,132664.044866667
2709,110703.039066667
2710,127187.8263
2711,284137.627366667
2712,373329.5196
2713,170165.256633333
2714,151209.522366667
2715,173440.223366667
2716,152701.323166667
2717,181898.0132
2718,245649.133066667
2719,162733.406966667
2720,163572.133
2721,142140.2535
2722,159249.6346
2723,143961.999
2724,130510.961833333
2725,136807.543733333
2726,146735.7428
2727,164976.600133333
2728,164036.339533333
2729,150492.443933333
2730,145715.834833333
2731,120122.1719
2732,122873.181733333
2733,159268.552633333
2734,153697.407733333
2735,134360.2871
2736,146340.713
2737,123424.315733333
2738,136295.188233333
2739,161655.239333333
2740,129685.031466667
2741,150935.041966667
2742,153488.3492
2743,150015.087433333
2744,145112.123433333
2745,137561.1428
2746,133458.6376
2747,135693.119333333
2748,127362.3259
2749,130369.125766667
2750,134293.456666667
2751,127371.5179
2752,200137.659466667
2753,150319.644566667
2754,213911.6647
2755,130526.1067
2756,95772.0043571429
2757,90172.6984666666
2758,87910.5745333333
2759,143988.5248
2760,134639.329633333
2761,147693.2693
2762,147677.561166667
2763,176830.152366667
2764,141543.618333333
2765,232440.5797
2766,139841.9178
2767,92301.3432
2768,135937.3702
2769,135475.3585
2770,145482.192
2771,120100.944433333
2772,122852.948366667
2773,152002.599133333
2774,138576.537533333
2775,132002.027
2776,136462.333266667
2777,143535.008533333
2778,101116.8978
2779,140303.156266667
2780,109258.114833333
2781,102807.757633333
2782,96390.1816333334
2783,113675.9717
2784,125956.712266667
2785,137761.653433333
2786,77529.4260666667
2787,114742.1063
2788,87974.2607
2789,170477.345166667
2790,97753.2138
2791,116107.9929
2792,80683.9166333333
2793,166536.750866667
2794,108938.3329
2795,120337.028633333
2796,98742.1255
2797,189626.487533333
2798,110789.508866667
2799,120782.2322
2800,77531.9401
2801,112441.7274
2802,135770.5994
2803,170440.8594
2804,125910.4132
2805,95991.5913666667
2806,101705.320066667
2807,145731.5883
2808,145606.207266667
2809,136142.961666667
2810,136309.546466667
2811,156777.061866667
2812,145473.085633333
2813,167171.5318
2814,167330.4765
2815,105866.1335
2816,243610.951666667
2817,148528.963666667
2818,131465.863666667
2819,168452.1484
2820,142559.9921
2821,111395.724266667
2822,177499.7988
2823,260423.3275
2824,176875.443933333
2825,130165.108066667
2826,126977.299866667
2827,138355.8522
2828,238972.355533333
2829,195275.2758
2830,235328.7188
2831,190192.688266667
2832,243367.8745
2833,278764.736733333
2834,215572.453033333
2835,224820.635566667
2836,190174.031533333
2837,174066.719833333
2838,146864.283166667
2839,178929.206266667
2840,195163.4007
2841,200541.6792
2842,215700.1566
2843,153564.205666667
2844,163071.7507
2845,125255.3708
2846,208791.8959
2847,201192.743033333
2848,202893.126633333
2849,209058.946
2850,261833.084133333
2851,231710.337333333
2852,228632.8348
2853,227180.110433333
2854,140140.544333333
2855,202110.403
2856,203755.5537
2857,184882.971733333
2858,198824.315833333
2859,135961.007133333
2860,123649.1696
2861,132297.633
2862,182287.047833333
2863,NA
2864,241179.1566
2865,141015.9315
2866,135629.70392381
2867,94111.6161
2868,116462.201233333
2869,125555.963266667
2870,145415.1664
2871,94885.9337333333
2872,70675.5660666667
2873,107664.856266667
2874,138061.9738
2875,127594.1303
2876,151306.094133333
2877,137772.551266667
2878,175178.897233333
2879,142217.300766667
2880,117282.727033333
2881,159723.7139
2882,174003.018233333
2883,182964.742566667
2884,174714.821233333
2885,179654.979433333
2886,227755.3203
2887,105265.004966667
2888,128034.001133333
2889,66347.6253333333
2890,86705.3338666667
2891,144162.242866667
2892,63013.6533333333
2893,104666.326633333
2894,68706.3607333333
2895,308011.267733333
2896,290875.544866667
2897,190750.491766667
2898,153354.8942
2899,217077.170433333
2900,160372.3643
2901,210237.366066667
2902,196355.8773
2903,334351.348833333
2904,330879.9206
2905,110683.681257143
2906,191245.999233333
2907,113403.2958
2908,128725.306966667
2909,151627.460566667
2910,83358.9260666667
2911,85992.9388333334
2912,156901.0551
2913,89437.7417
2914,86205.6012
2915,87313.0523333333
2916,86961.8082333334
2917,158419.8586
2918,117235.2939
2919,208797.506566667
2920,125149.227366667
